word,aoa
abalanzar,5
abalanzarse,5
abanderar,7
abandonar,4
abandonarse,5
abanicar,4
abanicarse,4
abaratar,6
abarcar,6
abarrotar,6
abastecer,6
abastecerse,7
abatir,6
abdicar,7
aberrar,7
abjurar,7
ablandar,4
abocar,7
abocetar,7
abochornar,7
abofetear,4
abogar,7
abolir,7
abollar,6
abombar,6
abominar,7
abonar,6
abordar,5
abordarse,6
aborrecer,6
aborrecerse,6
abortar,6
abotonar,5
abovedar,7
aboyar,5
abrasar,5
abrazar,2
abrevar,7
abreviar,5
abrigar,3
abrigarse,3
abrillantar,5
abrir,3
abrirse,4
abrochar,3
abrocharse,3
abroncar,6
abrumar,7
absolver,7
absorber,4
abstener,7
abstenerse,6
abstraer,7
abuchear,5
abultar,5
abundar,5
aburrir,3
aburrirse,3
abusar,5
acabar,3
acabarse,3
academizar,6
acaecer,7
acallar,6
acalorar,5
acampar,4
acantonar,7
acaparar,6
acariciar,3
acarrear,6
acatar,6
acatarrar,4
acaudalar,7
acceder,5
accidentar,5
accidentarse,4
accionar,5
acechar,5
acedar,6
aceitar,6
acelerar,4
acendrar,7
acentuar,5
acentuarse,5
acepillar,5
aceptar,4
aceptarse,5
acerar,7
acercar,3
acercarse,3
acertar,3
achacar,7
achatar,6
achicar,6
achicharrar,4
achuchar,4
acicalar,6
aclamar,6
aclarar,4
aclararse,5
aclimatar,7
acobardar,5
acoger,5
acogerse,6
acolchar,6
acometer,7
acomodar,5
acompañar,3
acompañarse,5
acompasar,6
acondicionar,6
acongojar,6
aconsejar,5
acontecer,6
acopiar,6
acoplar,6
acoplarse,6
acorazar,7
acorchar,6
acordar,4
acordarse,4
acordonar,6
acorralar,5
acortar,5
acosar,6
acostar,2
acostarse,2
acostumbrar,4
acostumbrarse,4
acotar,7
acrecentar,6
acrecer,6
acreditar,7
acribillar,6
acrisolar,7
acristalar,6
activar,5
actualizar,5
actualizarse,6
actuar,4
acuartelar,7
acuchillar,5
acuciar,7
acudir,5
acumular,4
acumularse,5
acunar,4
acuñar,7
acurrucarse,4
acusar,5
adaptar,5
adaptarse,5
adecentar,6
adecentarse,7
adecuar,6
adecuarse,6
adelantar,4
adelantarse,4
adelgazar,5
ademar,6
adentrar,5
adentrarse,5
aderezar,7
adeudar,7
adherir,7
adherirse,6
adicionar,7
adiestrar,5
adivinar,4
adjetivar,6
adjudicar,6
adjudicarse,6
adjuntar,7
administrar,6
admirar,4
admitir,5
adobar,6
adoctrinar,7
adolecer,7
adoptar,5
adoptarse,5
adorar,4
adormecer,5
adormecerse,5
adornar,4
adosar,7
adquirir,6
adrar,7
adscribir,7
aducir,7
adueñar,5
adueñarse,5
adular,6
adulterar,7
advertir,4
afamar,7
afanar,7
afear,5
afectar,5
afeitar,4
afeitarse,4
afeminar,6
aferrar,6
aferrarse,6
afianzar,6
afianzarse,7
aficionar,5
aficionarse,5
afilar,3
afiliar,6
afiliarse,7
afinar,5
afincar,6
afirmar,5
afirmarse,5
afligir,7
aflojar,4
aflorar,6
afluir,7
afrentar,6
afrontar,5
agachar,3
agacharse,3
agarbanzar,6
agarrar,3
agarrarse,4
agarrotar,6
agasajar,7
agazapar,7
agenciar,7
agigantar,5
agilizar,6
agitar,4
agitarse,5
aglomerar,7
aglutinar,7
agobiar,5
agolpar,6
agonizar,6
agorar,7
agotar,4
agotarse,4
agraciar,6
agradar,5
agradecer,4
agrandar,5
agravar,6
agraviar,7
agredir,5
agregar,5
agriar,6
agrietar,5
agrupar,4
agruparse,4
aguantar,4
aguantarse,4
aguar,6
aguardar,6
agudizar,6
aguijar,7
agujerear,4
agusanar,7
aguzar,6
ahijar,7
ahogar,3
ahogarse,3
ahondar,7
ahorcar,5
ahorrar,4
ahorrarse,5
ahuecar,6
ahumar,6
ahumarse,6
ahuyentar,5
airar,6
airear,5
airearse,5
aislar,5
aislarse,5
ajustar,5
ajustarse,5
ajusticiar,6
alabar,5
alabarse,6
alabear,7
alagar,5
alancear,7
alar,5
alardear,7
alargar,4
alargarse,4
alarmar,5
albergar,6
alborear,7
alborotar,4
alborozar,6
alcantarillar,6
alcanzar,3
alcoholizar,6
alear,7
aleccionar,7
alegar,6
alegrar,3
alejar,3
alejarse,4
alentar,6
alertar,5
alertarse,5
aletargar,7
aletear,4
alfombrar,6
aliar,6
aliarse,5
alienar,7
aligerar,5
alimentar,3
alimentarse,3
alinear,6
alinearse,5
aliñar,5
alisar,5
alistar,6
alistarse,6
aliviar,4
allanar,6
allanarse,6
allegar,6
almacenar,5
almenar,7
almidonar,7
almohadillar,7
almorzar,3
alojar,6
alojarse,5
alquilar,5
alquitranar,7
alterar,5
altercar,6
alternar,5
alucinar,5
aludir,7
alumbrar,4
alunizar,7
alzar,5
amadrinar,6
amaestrar,5
amagar,6
amainar,6
amalgamar,7
amamantar,4
amanecer,4
amansar,5
amañar,6
amar,4
amargar,5
amargarse,6
amarillear,5
amarrar,4
amarse,4
amasar,4
ambicionar,7
ambientar,6
amedrantar,7
amenazar,5
amenizar,6
ametrallar,6
amigar,5
amilanar,7
aminorar,7
amolar,7
amoldar,6
amoldarse,6
amonestar,6
amontonar,5
amordazar,7
amortajar,7
amortiguar,6
amortizar,7
amotinar,7
amparar,7
ampararse,6
ampliar,5
ampliarse,5
amplificar,6
ampollar,7
amputar,6
amueblar,5
amurallar,6
analizar,6
analizarse,6
anatematizar,7
anclar,5
anclarse,6
andar,2
andarse,4
anegar,7
anestesiar,6
anexar,7
anexionar,7
anexionarse,7
angostar,7
angustiar,6
anhelar,7
anidar,5
anillar,6
animalizar,6
animar,4
animarse,4
aniquilar,6
anochecer,4
anonadar,7
anotar,4
anotarse,5
anquilosar,7
ansiar,6
anteceder,7
anteponer,6
anticipar,5
anticiparse,5
anudar,4
anular,5
anunciar,4
anunciarse,5
añadir,4
añadirse,5
añorar,5
apabullar,7
apacentar,7
apaciguar,7
apadrinar,5
apagar,3
apalabrar,7
apalancar,6
apalear,6
apandar,6
apañar,5
aparcar,4
aparear,6
aparecer,4
aparejar,6
aparentar,6
apartar,4
apartarse,4
apasionar,6
apear,7
apearse,7
apechar,7
apechugar,6
apedrear,5
apegarse,6
apelar,7
apellidar,4
apelotonarse,5
apenar,5
apercibir,7
apesadumbrar,7
apestar,4
apetecer,3
apiadar,5
apilar,6
apiñar,6
apisonar,5
aplacar,6
aplanar,5
aplastar,3
aplaudir,3
aplazar,6
aplicar,5
aplicarse,5
apocopar,7
apodar,5
apoderar,5
apoderarse,5
apoltronarse,7
apoquinar,6
aporrear,5
aportar,5
aposentar,6
aposentarse,7
apostar,5
apostatar,7
apostillar,7
apoyar,4
apoyarse,4
apreciar,5
aprehender,6
apremiar,6
aprender,3
aprenderse,4
apresar,6
aprestarse,5
apresurar,5
apretar,3
apretarse,4
aprisionar,6
aprobar,3
aprobarse,5
apropiar,5
apropiarse,5
aprovechar,4
aprovecharse,5
aprovisionar,6
aproximar,5
aproximarse,5
apuntalar,7
apuntar,4
apuntarse,4
apuñalar,5
apurar,5
aquejar,7
aquietar,6
aquilatar,7
arañar,3
arañarse,4
arar,5
arbitrar,5
archivar,5
arder,4
arengar,7
argüir,7
argumentar,6
argumentarse,6
armar,4
armarse,5
armonizar,6
arponear,7
arquear,6
arraigar,7
arramblar,7
arrancar,4
arrasar,5
arrastrar,4
arrastrarse,3
arrear,4
arrebatar,5
arreciar,7
arreglar,4
arreglarse,4
arremeter,7
arremolinarse,6
arrendar,7
arrepentirse,4
arrestar,4
arribar,7
arriesgar,5
arriesgarse,5
arrimar,5
arrinconar,5
arrobar,5
arrodillar,4
arrodillarse,3
arrojar,4
arrojarse,5
arrollar,6
arropar,3
arrostrar,7
arrugar,4
arruinar,5
arruinarse,5
arrullar,4
arrumbar,7
articular,6
articularse,6
asaetear,7
asalariar,7
asaltar,5
asar,5
ascender,5
asear,3
asearse,4
asediar,7
asegurar,5
asegurarse,5
asemejar,6
asentar,6
asentir,5
aserrar,6
asesinar,5
asesorar,6
asesorarse,7
asestar,7
aseverar,7
asfaltar,5
asfixiar,5
asfixiarse,4
asignar,6
asimilar,6
asir,7
asistir,4
asociar,5
asociarse,6
asolar,7
asolear,6
asomar,4
asomarse,4
asombrar,4
aspar,7
aspirar,5
asquear,5
astillar,6
asumir,5
asumirse,6
asustar,3
asustarse,3
atacar,4
atajar,5
atar,4
atardecer,4
atarse,4
atemorizar,5
atemperar,7
atenazar,7
atender,3
atener,6
atenerse,6
atentar,6
atenuar,7
aterrar,5
aterrizar,4
aterrorizar,4
atesorar,7
atestiguar,7
atiborrar,5
atinar,6
atisbar,7
atizar,5
atontar,4
atorar,6
atormentar,5
atornillar,4
atosigar,6
atracar,5
atraer,5
atragantar,4
atrancar,5
atrapar,4
atrasar,5
atravesar,5
atrever,5
atreverse,4
atribuir,6
atrincherar,7
atropar,7
atropellar,4
aturdir,6
aturrullar,6
atusarse,6
auditar,7
augurar,7
aullar,4
aumentar,4
aunar,7
aupar,3
auparse,3
auscultar,6
ausentar,5
ausentarse,6
auspiciar,7
autentificar,7
autocríticar,7
autocriticarse,6
autodefenderse,5
autodefinir,6
autodefinirse,6
autorizar,5
autosugestionarse,7
auxiliar,6
avalar,7
avanzar,4
avasallar,5
aventajar,5
aventar,6
aventurar,5
aventurarse,5
avergonzar,5
averiar,4
averiguar,5
avezar,7
avisar,3
avistar,6
avivar,6
avizorar,7
ayudar,3
ayudarse,3
ayunar,5
azotar,5
azucarar,4
babear,4
babosear,5
bailar,3
bajar,2
bajarse,3
balancear,4
balancearse,3
balar,6
balbucear,5
balbucir,7
baldear,6
bambolear,6
bandear,7
bañar,2
bañarse,2
barajar,5
barnizar,5
barrer,3
barritar,7
barruntar,7
basar,6
basarse,6
bascular,7
bastar,5
batallar,5
batear,5
batir,4
bautizar,4
bautizarse,4
beatificar,7
beber,2
beberse,3
becar,7
bendecir,4
beneficiar,5
beneficiarse,6
berrear,4
besar,3
besarse,3
besuquear,4
birlar,6
bisbisear,7
biselar,7
bizquear,6
blandir,7
blanquear,5
blanquecer,5
blasfemar,7
blasonar,7
blocar,7
bloquear,5
bogar,7
boicotear,7
bombardear,5
bombear,6
boquear,6
bordar,4
bordear,4
borrar,3
borrarse,4
bosquejar,6
bostezar,3
botar,3
boxear,4
bracear,6
bramar,7
bregar,7
brillar,3
brincar,3
brindar,4
bromear,4
broncear,5
brotar,5
bruñir,7
brutalizarse,6
bucear,4
bufar,6
bufonearse,6
bullir,7
burbujear,4
burlar,4
burlarse,4
buscar,3
buscarse,4
cabalgar,4
cabecear,5
caber,3
cablear,6
cabrear,4
cabrearse,3
cacarear,4
cachear,6
cachondearse,6
caducar,4
caer,2
caerse,3
cagar,3
cagarse,3
calafatear,7
calar,6
calcar,3
calcular,4
caldear,6
calentar,3
calentarse,3
calibrar,7
calificar,5
calificarse,5
caligrafiar,6
callar,2
callarse,2
callejear,6
calmar,4
calumniar,7
calzar,4
cambiar,3
cambiarse,3
camelarse,7
caminar,2
campanear,6
campanillear,6
campar,6
camuflar,5
canalizar,7
cancelar,5
canjear,6
canonizar,7
cansar,3
cansarse,3
cantar,3
cantarse,4
cantonearse,7
canturrear,5
capacitar,5
capar,7
capear,7
capitalizar,7
capitanear,5
capitular,6
captar,5
capturar,4
caracolear,6
caracterizar,6
caracterizarse,6
carbonizar,6
carburar,7
carcajear,6
cardar,7
carecer,5
carenar,7
cargar,4
cargarse,4
caricaturizar,6
carraspear,5
carretear,6
carrozar,7
cartear,6
cartografiar,7
casar,3
casarse,4
cascar,5
castigar,3
castrar,6
catalizar,7
catalogar,6
catalogarse,7
catapultar,6
catar,6
categorizar,6
catequizar,5
causar,5
cautelar,7
cauterizar,7
cautivar,6
cavar,4
cavilar,7
cazar,4
cebar,6
cecear,7
ceder,5
cegar,5
cejar,6
celar,7
celarse,7
celebrar,3
celebrarse,3
cementar,6
cenar,2
censar,7
censurar,6
centellear,6
centralizar,6
centrar,5
centrarse,5
centrifugar,6
centuplicar,7
ceñir,6
ceñirse,6
cepillar,3
cepillarse,3
cercar,6
cercenar,7
cerciorar,7
cerciorarse,7
cerrar,3
cerrarse,3
certificar,7
cesar,6
chamuscar,5
changar,6
chantajear,6
chapar,7
chapotear,4
chapurrear,5
chaquetear,7
charlar,4
chasquear,5
chatear,6
chequear,6
chillar,3
chinchar,4
chingar,5
chirriar,5
chismear,5
chismorrear,6
chispear,4
chistar,5
chivar,4
chivarse,3
chocar,3
chochear,6
chorrear,4
chupar,2
chutar,4
cicatrizar,4
cifrar,6
cimbrear,7
cimentar,7
cincelar,7
cinematografiar,7
circular,5
circuncidar,7
circundar,7
circunscribir,7
circunstanciar,7
circunvalar,7
citar,5
citarse,6
civilizar,6
clamar,6
clarear,6
clarificar,7
clasificar,5
clasificarse,5
claudicar,7
clausurar,6
clavar,4
clavetear,6
climatizar,6
clonar,6
cloquear,7
cloroformizar,7
coaccionar,7
coadyuvar,7
coagular,7
coartar,7
cobijar,6
cobijarse,6
cobrar,5
cobrarse,5
cocear,5
cocer,4
cocinar,3
codear,6
codiciar,6
codificar,7
coexistir,7
coger,2
cogerse,3
cohabitar,7
cohibir,6
coincidir,5
cojear,4
colaborar,4
colapsar,6
colar,4
colarse,4
coleccionar,4
colectar,5
colectivizar,7
colegiarse,6
colegir,7
colerizar,7
colgar,3
coligarse,7
colindar,7
colisionar,6
colmar,6
colocar,3
colocarse,4
colonizar,6
colorar,4
colorear,2
coludir,7
columpiar,3
columpiarse,3
comandar,6
combatir,4
combatirse,6
combinar,4
comentar,5
comenzar,3
comer,2
comercializar,6
comerciar,6
comerse,3
cometer,5
comisionar,7
compactar,6
compadecer,6
compaginar,6
comparar,4
compararse,5
comparecer,7
compartimentar,7
compartir,3
compatibilizar,7
compeler,7
compelir,7
compendiar,7
compenetrarse,6
compensar,5
competer,7
competir,4
compilar,7
complacer,6
complementar,5
completar,4
completarse,5
complicar,5
complicarse,5
componer,5
comportar,3
comportarse,3
comprar,3
comprarse,3
comprender,4
comprenderse,4
comprimir,6
comprobar,5
comprobarse,5
comprometer,5
comprometerse,6
compulsar,7
compungir,7
computar,7
comulgar,5
comunicar,4
comunicarse,4
concatenar,7
concebir,6
conceder,6
concentrar,5
concentrarse,5
conceptualizar,6
conceptuar,7
concernir,7
concertar,7
concienciar,6
conciliar,6
concitar,7
concluir,6
concomitar,7
concordar,7
concretar,6
concretarse,6
concretizar,7
conculcar,7
concurrir,6
concursar,4
condecorar,7
condenar,6
condensar,6
condescender,7
condicionar,6
condimentar,6
condonar,7
conducir,4
conducirse,6
conectar,5
conexionar,6
confabular,7
confeccionar,6
confederar,7
conferenciar,7
conferir,7
confesar,4
confiar,4
confiarse,5
configurar,6
confinar,7
confirmar,5
confirmarse,5
confiscar,6
confitar,7
confluir,7
conformar,5
conformarse,5
confortar,6
confraternizar,7
confrontar,7
confundir,4
confundirse,4
congelar,4
congeniar,6
congestionar,6
conglomerar,7
congojar,7
congraciar,7
congraciarse,7
congratular,7
congregar,7
conjeturar,7
conjugar,5
conjuntar,5
conjurar,6
conjurarse,6
conllevar,6
conmemorar,7
conminar,7
conmover,6
conmutar,7
connotar,7
conocer,3
conocerse,4
conquistar,5
consagrar,7
conseguir,4
conseguirse,5
consensuar,7
consentir,5
conservar,5
considerar,5
considerarse,5
consignar,7
consistir,5
consolar,5
consolidar,6
consolidarse,6
conspirar,6
constar,6
constatar,7
consternar,7
constipar,4
constituir,6
constituirse,6
constreñir,7
construir,3
construirse,5
consultar,4
consumar,7
consumarse,6
consumir,5
consumirse,6
contabilizar,6
contabilizarse,7
contactar,5
contagiar,5
contagiarse,5
contaminar,5
contar,3
contarse,4
contemplar,5
contemporizar,7
contener,5
contentar,4
contentarse,4
contestar,3
contextualizar,7
continuar,4
continuarse,5
contorsionarse,6
contraatacar,5
contrabalancear,7
contradecir,5
contraer,6
contraindicar,6
contramandar,7
contrapesar,7
contraponer,6
contrariar,6
contrarrestar,6
contrastar,7
contratar,6
contravenir,7
contribuir,5
controlar,5
controlarse,5
controvertir,7
convalecer,7
convalidar,7
convencer,4
convencerse,5
convenir,6
converger,7
conversar,4
convertir,5
convertirse,4
convidar,6
convivir,5
convocar,6
convulsionar,7
cooperar,5
coordinar,5
coordinarse,6
copar,7
copiar,3
copiarse,4
copular,6
coquetear,6
corear,5
cornear,6
coronar,4
corregir,4
corregirse,4
correlacionar,7
correr,2
correrse,7
corresponder,6
corretear,3
corroborar,7
corroer,7
corromper,6
corrugar,7
cortar,3
cortarse,3
cortejar,6
cosechar,5
coser,4
cosquillear,4
costar,4
costear,6
costurear,6
cotejar,7
cotillear,5
cotizar,7
cotizarse,7
crear,3
crearse,5
crecer,3
creer,4
creerse,4
crepitar,7
criar,4
criarse,4
cribar,7
criminalizar,7
crispar,7
cristalizar,6
cristianizar,6
criticar,5
criticarse,5
croar,4
cronificarse,7
cronometrar,5
crucificar,4
crujir,5
cruzar,3
cuadrar,6
cuadricular,5
cuadruplicar,6
cuajar,6
cualificar,6
cuantificar,6
cuartear,7
cubrir,4
cubrirse,4
cuchichear,4
cuestionar,5
cuestionarse,6
cuidar,3
cuidarse,4
culebrear,6
culminar,6
culminarse,7
culpabilizar,5
culpabilizarse,5
culpar,4
culparse,4
cultivar,4
cultivarse,5
culturizar,6
cumplimentar,7
cumplir,3
cumplirse,4
cundir,6
curar,3
curarse,3
curiosear,4
currar,5
cursar,5
curtir,7
curvar,5
custodiar,6
damnificar,7
danzar,4
dañar,4
dar,2
darse,3
datar,7
deambular,6
debatir,6
deber,4
deberse,5
debilitar,5
debilitarse,5
debutar,6
decaer,6
decalcificar,7
decantar,7
decapitar,6
decepcionar,5
decidir,4
decidirse,4
decir,3
decirse,4
declamar,7
declarar,5
declararse,5
declinar,7
decodificar,7
decomisar,7
decorar,4
decrecer,6
decrepitar,7
decretar,7
dedicar,5
dedicarse,5
deducir,6
deducirse,6
defecar,5
defender,4
defenderse,4
defenestrar,7
definir,4
definirse,5
deflagar,7
deforestar,6
deformar,5
deformarse,5
defraudar,5
degenerar,6
deglutir,7
degollar,6
degradar,6
degustar,6
dejar,3
dejarse,4
delatar,6
delegar,6
deleitar,6
deletrear,4
deliberar,7
delimitar,6
delinear,6
delinquir,6
delirar,6
demacrarse,7
demandar,6
demarcar,6
democratizar,7
demoler,5
demorar,6
demorarse,6
demostrar,4
demudar,6
denegar,6
denigrar,7
denominar,5
denostar,7
denotar,7
densificar,6
denunciar,5
deparar,7
departir,7
depender,5
depilar,6
depilarse,6
deplorar,7
deponer,7
deportar,7
depositar,5
depositarse ,5
depravar,7
depreciar,6
depredar,6
deprimir,6
deprimirse,6
deprivar,7
depurar,6
derivar,6
derogar,7
derramar,3
derrapar,5
derretir,4
derretirse,4
derribar,4
derrocar,7
derrochar,6
derrotar,4
derruir,6
derrumbar,5
derrumbarse,5
desabastecer,7
desabrigar,4
desabrochar,3
desacatar,7
desacelerar,6
desacertar,6
desaconsejar,6
desacoplar,7
desacostumbrar,5
desacreditar,7
desactivar,5
desafiar,5
desafinar,5
desaforar,7
desagradar,5
desagradecer,4
desagraviar,7
desagregar,7
desahogar,6
desahogarse,6
desahuciar,7
desairar,7
desajustar,6
desalentar,7
desaliñar,6
desalojar,6
desamoldar,7
desamortizar,7
desamparar,6
desandar,6
desanimar,5
desanudar,5
desaparear,6
desaparecer,4
desaparejar,6
desaprobar,6
desaprovechar,5
desarmar,5
desarmarse,5
desarraigar,7
desarreglar,5
desarrollar,4
desarrollarse,5
desarticular,7
desasir,7
desasistir,7
desasosegar,7
desatar,4
desatascar,5
desatender,5
desatornillar,4
desatrancar,6
desautorizar,6
desayunar,2
desbancar,7
desbaratar,6
desbarrar,6
desbloquear,5
desbordar,5
desbordarse,6
desbravar,7
desbridar,7
desbrozar,7
descabalgar,6
descabezar,5
descacharrar,6
descafeinar,6
descalabrar,7
descalcificar,7
descalificar,5
descalzar,4
descamar,6
descambiar,6
descamisar,6
descansar,3
descapotar,6
descarbonatar,7
descargar,5
descarnar,7
descarriar,6
descarrilar,6
descartar,6
descascarar,5
descascarillar,6
descender,5
descentralizar,7
descentrar,6
descerebrar,6
descerrajar,7
descifrar,5
desclasificar,6
desclavar,6
descocarse,7
descodificar,7
descogollar,7
descolgar,4
descolgarse,5
descolocar,4
descompensar,6
descomponer,6
descomponerse,5
descomprimir,7
desconcertar,7
desconchar,6
desconectar,5
desconfiar,5
descongelar,4
descongestionar,6
desconocer,4
desconsiderar,6
desconsolar,5
descontaminar,5
descontar,5
descontextualizar,7
desconvocar,7
descorazonar,7
descorrer,6
descortezar,7
descoser,4
descostillar,7
descoyuntar,7
descreer,6
describir,4
descristianizar ,7
descuajaringar,7
descuartizar,6
descubrir,4
descubrirse,5
descuidar,4
desdentar,6
desdeñar,7
desdeñarse,7
desdibujar,5
desdoblar,4
desdoblarse,5
desdramatizar,7
desear,4
desecar,6
desechar,5
desembalar,6
desembalsar,6
desembarcar,5
desembocar,6
desembolsar,7
desembozar,7
desembragar,7
desembuchar,6
desempacar,6
desempañar,6
desempaquetar,4
desempatar,4
desempeñar,5
desempolvar,5
desempotrar,6
desempuñar,6
desencadenar,6
desencajar,5
desencantar,6
desenchufar,4
desenclavarse,7
desencolar,7
desencuadernar,6
desenfadar,5
desenfocar,6
desenfrenar,7
desenfundar,5
desenganchar,5
desengañar,6
desengarzar,7
desengrasar,5
desenjabonar,4
desenmarañar,7
desenmascarar,5
desenredar,4
desenrollar,4
desenroscar,4
desensillar,6
desentender,6
desentenderse,6
desenterrar,4
desentonar,6
desentrañar,6
desentrenar,5
desentubar,7
desentumecer,6
desenvainar,7
desenvasar,6
desenvolver,5
desenvolverse,6
desequilibrar,6
desequilibrarse,6
desertar,7
desesperar,4
desestabilizar,6
desestabilizarse,6
desestimar,6
desfallecer,6
desfasar,7
desfigurar,6
desfilar,5
desfogar,7
desfogarse,7
desfondar,6
desgajar,6
desganar,6
desgarrar,5
desgastar,4
desglosar,6
desgraciar,6
desgranar,6
desgravar,7
desguazar,7
deshabitar,6
deshabituar,7
deshacer,4
deshacerse,5
desheredar,6
deshidratar,6
deshilachar,6
deshinchar,5
deshojar,5
deshonrar,6
deshuesar,5
designar,6
desilusionar,5
desinfectar,5
desinflar,4
desintegrar,6
desintegrarse,6
desinteresar,6
desintoxicar,6
desistir,6
deslavazar,7
desliar,6
desligar,7
desligarse,7
deslindar,7
deslizar,5
deslizarse,4
deslomar,6
deslucir,7
deslumbrar,5
desmadejar,7
desmantelar,6
desmaquillarse,5
desmarcar,5
desmayar,4
desmelenar,6
desmelenarse,6
desmembrar,7
desmentir,6
desmenuzar,5
desmerecer,6
desmesurar,7
desmigajar,4
desmigar,5
desmitificar,7
desmontar,5
desmoralizar,7
desmoronar,7
desmotivar,6
desnivelar,6
desnucar,6
desnudar,3
desnudarse ,3
desobedecer,3
desocupar,5
desoir,6
desollar,6
desorbitar,7
desordenar,3
desorganizar,5
desorientar,5
desovar,7
despabilar,6
despabilarse,5
despachar,6
despacharse,6
despachurrar,5
despagar,7
despanzurrar,7
desparejar,6
desparramar,5
desparramarse,5
despasar,7
despedazar,5
despedazarse,6
despedir,4
despedirse,3
despegar,4
despegarse,4
despeinar,3
despejar,5
despejarse,5
despellejar,6
despenalizar,7
despeñar,6
desperdiciar,5
desperdigar,6
desperezar,5
desperezarse,5
despersonalizarse,7
despertar,2
despertarse,3
despilfarrar,6
despiojar,4
despistar,4
despistarse,4
desplazar,5
desplazarse,4
desplegar,5
desplegarse,6
desplomar,6
desplumar,5
despoblar,6
despojar,6
desportillar,7
desposar,6
desposeer,7
desposeerse,7
despotricar,7
despreciar,5
despreciarse,5
desprender,5
desprenderse,5
desprestigiar,6
despuntar,6
desquiciar,5
desquitar,6
desquitarse,6
desratizar,6
desriñonar,7
destacar,5
destacarse,5
destapar,3
destaparse,4
destejer,5
destellar,6
destemplar,6
desterrar,5
destetar,6
destilar,6
destinar,5
destinarse,6
destituir,7
destornillar,5
destrenzar,5
destripar,5
destronar,6
destrozar,4
destrozarse,5
destruir,4
destruirse,5
desunir,5
desvalijar,6
desvalorizar,7
desvanecer,6
desvanecerse,6
desvariar,6
desvelar,6
desvelarse,5
desvencijar,7
desvestir,3
desviar,5
desviarse,5
desvirtuar,7
detallar,5
detectar,5
detectarse,5
detener,4
detenerse,4
deteriorar,6
deteriorarse ,6
determinar,6
detestar,5
detonar,6
detraer,7
devaluar,7
devanar,7
devastar,6
devengar,7
devenir,7
devolver,3
devolverse,4
devorar,4
diagnosticar,6
dialogar,5
dibujar,2
dictaminar,7
dictar,4
dictarse,5
diezmar,7
difamar,7
diferenciar,4
diferenciarse,5
diferir,7
dificultar,5
difuminar,5
difundir,6
difundirse,6
digerir,5
dignificar,7
dilapidar,7
dilatar,6
dilucidar,7
diluir,6
diluviar,5
dimanar,7
dimensionar,7
dimitir,6
dinamitar,6
dinamizar,7
diplomar,7
dirigir,5
dirigirse,4
dirimir,7
discernir,7
disciplinar,5
discrepar,7
discriminar,6
discriminarse,6
disculpar,3
disculparse,3
discurrir,7
discursear,6
discutir,3
discutirse,4
disecar,5
diseccionar,7
diseminar,7
disentir,7
diseñar,5
disertar,7
disfrazar,3
disfrazarse,3
disfrutar,4
disgregarse,7
disgustar,4
disimular,5
disipar,7
dislocar,6
disminuir,4
disociar,7
disociarse,7
disolver,5
disolverse,5
disparar,4
disparatar,5
dispensar,6
dispersar,6
disponer,5
disputar,6
disputarse,6
distanciar,5
distar,7
distender,7
distensionar,7
distinguir,4
distinguirse,5
distorsionar,6
distraer,4
distraerse,4
distribuir,5
disuadir,7
divagar,7
divergir,7
diversificar,7
divertir,3
divertirse,3
dividir,4
dividirse,4
divinizar,6
divisar,6
divisarse,6
divorciar,5
divorciarse,5
divulgar,6
doblar,3
doblarse,3
doblegar,7
doctorar,7
doctorarse,7
doctrinar,7
documentar,6
documentarse,6
dogmatizar,7
doler,3
domar,5
domeñar,6
domesticar,5
domiciliar,6
dominar,5
donar,5
dopar,7
dorar,6
dormir,2
dormirse,2
dormitar,5
dosificar,6
dotar,6
dotarse,7
dragar,7
dramatizar,6
drenar,7
driblar,6
drogar,6
drogarse,6
duchar,3
ducharse,3
dudar,4
dulcificar,6
duplicar,5
duplicarse,5
durar,4
echar,4
echarse,3
eclipsar,6
eclosionar,6
economizar,6
edificar,6
edificarse,6
editar,5
educar,4
educarse,4
edulcorar,7
efectuar,6
ejecutar,5
ejemplificar,6
ejercer,6
ejercitar,5
elaborar,4
electrificar,5
electrocutar,5
elegir,3
elevar,4
elevarse,5
eliminar,4
elogiar,6
elucubrar,7
eludir,7
emanar,7
emancipar,7
embadurnar,5
embalar,5
embaldosar,6
embalsamar,7
embalsar,6
embarazar,5
embarazarse,5
embarcar,4
embargar,7
embarrancar,7
embarrar,5
embaucar,6
embeber,7
embelesar,6
embellecer,6
embestir,6
embetunar,5
embijar,7
embobar,5
embocar,7
embolar,7
embolsar,6
emboquillar,7
emborrachar,5
emborracharse,5
emborronar,5
embotar,7
embotellar,5
embozar,6
embragar,7
embravecer,7
embrollar,7
embromar,6
embrujar,5
embrutecer,6
embutir,6
emerger,6
emigrar,6
emitir,6
emitirse,6
emocionar,4
emocionarse,5
empacar,6
empadronar,6
empalar,6
empalmar,6
empantanar,7
empañar,5
empapar,4
empapelar,5
empaquetar,4
emparedar,6
emparejar,5
emparentar,6
emparrar,6
empastar,6
empatar,4
empedrar,6
empeñar,6
empeorar,4
empequeñecer,5
empezar,3
empinar,5
empingorotar,7
emplazar,7
emplear,5
emplearse,5
emplumar,6
empobrecer,5
empobrecerse,5
empollar,5
empolvar,6
empotrar,5
emprender,6
empujar,3
empuñar,5
emular,7
emulsionar,7
enajenar,7
enaltecer,7
enamorar,4
enamorarse,4
enarbolar,7
enarcar,7
enardecer,7
encabezar,6
encabritar,6
encadenar,5
encajar,5
encajonar,6
encalar,6
encallar,6
encamar,7
encaminar,6
encaminarse,6
encandilar,5
encantar,4
encañonar,6
encapsular,7
encapuchar,5
encaramar,7
encarar,5
encarcelar,5
encarecer,6
encargar,5
encargarse,5
encariñar,5
encarnar,6
encarnarse,6
encarrilar,6
encasillar,6
encastillarse,7
encausar,7
encauzar,7
encender,3
encenderse,4
encerar,6
encerrar,3
encerrarse,4
encestar,4
encharcar,5
enchufar,4
enclaustrarse,7
encoger,4
encogerse,4
encolar,6
encomendar,6
encontrar,3
encontrarse,4
encorsetar,7
encorvar,5
encrespar,6
encuadernar,6
encuadrar,6
encubrir,5
encumbrar,7
encurtir,7
enderezar,5
endilgar,7
endosar,7
endulzar,5
endurecer,5
energizar,6
enervar,6
enfadar,3
enfadarse,3
enfardar,4
enfatizar,6
enfermar,3
enfermarse,3
enfervorizar,7
enfilar,6
enfocar,6
enfrentar,4
enfrentarse,5
enfriar,3
enfriarse,4
enfurecer,4
engalanar,6
enganchar,5
engancharse,5
engañar,3
engañarse,4
engarzar,7
engatillar,7
engatusar,6
engendrar,6
englobar,6
engordar,4
engranar,7
engrandecer,5
engrapar,6
engrasar,5
engrosar,6
engullir,6
enharinar,6
enhebrar,5
enjabonar,3
enjaular,4
enjugar,6
enjuiciar,7
enlatar,5
enlazar,6
enloquecer,5
enmarañar,7
enmarcar,5
enmascarar,6
enmendar,6
enmudecer,6
enojar,5
enojarse,5
enrarecer,6
enredar,4
enriquecer,5
enriquecerse,5
enrojecer,5
enrollar,4
enrollarse,5
enroscar,4
ensalzar,6
ensamblar,6
ensanchar,6
ensangrentar,5
ensañar,6
ensartar,7
ensayar,4
enseñar,3
enseñarse,4
ensillar,6
ensimismar,6
ensimismarse,7
ensombrecer,6
ensordecer,6
ensuciar,3
entablar,6
entablillar,7
entender,3
entenderse,4
enterar,4
enterarse,4
enternecer,6
enterrar,4
enterrarse,4
entonar,6
entornar,7
entorpecer,5
entrampar,6
entrañar,6
entrar,3
entreabrir,6
entrecerrar,5
entrechocar,6
entrecomillar,6
entregar,4
entregarse,5
entrelazar,6
entremezclar,6
entrenar,4
entrenarse,4
entresacar,6
entretejer,7
entretener,4
entretenerse,4
entrever,7
entrevistar,5
entrevistarse,6
entristecer,4
entristecerse,4
entroncar,7
entronizar,7
entubar,7
enturbiar,7
entusiasmar,5
entusiasmarse,5
enumerar,4
enunciar,5
envainar,6
envasar,6
envejecer,4
envenenar,4
envestirse,6
enviar,4
enviarse,5
envidiar,5
envilecer,7
enviudar,6
envolver,4
enyesar,5
enzarzar,7
enzarzarse,7
epatar,6
equilibrar,5
equipar,5
equiparar,6
equipararse,6
equivaler,6
equivocar,4
equivocarse,4
erguir,5
erigir,7
erizar,5
erosionar,6
erradicar,7
erradicarse,7
errar,6
eructar,3
erupcionar,5
esbozar,7
escabechar,7
escabullir,5
escalar,4
escaldar,6
escalfar,7
escalonar,6
escamotear,7
escampar,6
escanciar,7
escandalizar,6
escandalizarse,6
escandir,7
escapar,3
escaparse,4
escaquear,5
escarbar,4
escardar,6
escarmentar,5
escasear,5
escatimar,7
escenificar,6
escindir,7
esclarecer,7
esclavizar,5
escobar,7
escoger,4
escolarizar,5
escoltar,6
esconder,3
esconderse,3
escorar,7
escribir,3
escribirse,3
escriturar,6
escrutar,7
escuchar,3
escucharse,3
escudar,6
escudriñar,7
esculpir,6
escupir,3
escurrir,4
esforzar,4
esforzarse,4
esgrimir,7
esmaltar,7
esmerilar,7
esnifar,7
espabilar,4
espabilarse,4
espaciar,6
espantar,4
españolizar,7
esparcir,5
especializar,6
especializarse,6
especificar,6
especificarse,6
especular,7
esperar,3
esperarse,3
espesar,5
espetar,7
espiar,4
espirar,5
espolear,6
espolvorear,5
esposar,5
esprintar,6
espumar,6
esquematizar,5
esquiar,4
esquilar,6
esquilmar,7
esquivar,4
estabilizar,6
estabilizarse,6
establecer,5
establecerse,6
estacionar,5
estafar,5
estallar,5
estampar,4
estancar,5
estandarizar,7
estar ,3
estarse,4
estatalizar,7
estereotipar,7
esterilizar,6
estibar,7
estilizar,6
estimar,6
estimular,6
estimularse,7
estipular,7
estirar,3
estofar,6
estorbar,5
estornudar,3
estrangular,5
estrechar,5
estrellar,5
estrellarse,5
estremecer,6
estrenar,4
estrenarse,5
estresar,5
estribar,7
estropear,3
estructurar,6
estrujar,4
estudiar,4
estudiarse,4
eternizar,6
etiquetar,5
europeizar,7
evacuar,5
evadir,6
evadirse,7
evaluar,5
evaluarse,5
evangelizar,6
evaporar,5
evidenciar,7
evitar,4
evitarse,5
evocar,7
evolucionar,5
exacerbar,7
exagerar,4
exaltar,6
examinar,4
examinarse,4
exasperar,7
excavar,4
exceder,6
exceptuar,6
excitar,6
excitarse,6
exclamar,5
excluir,5
excomulgar,6
excretar,6
exculpar,7
excusar,5
execrar,7
exfoliar,7
exhalar,6
exhibir,6
exhibirse,6
exhortar,7
exhumar,7
exigir,5
exiliar,7
exiliarse,7
eximir,7
existir,4
exonerar,7
exorcizar,6
expandir,5
expectorar,7
expedir,7
expeler,7
expender,6
experimentar,5
experimentarse,6
expiar,6
expirar,6
explayar,6
explicar,4
explicarse,4
explicitar,7
explorar,4
explosionar,5
explotar,4
exponer,5
exponerse,6
exportar,6
expresar,5
expresarse,5
exprimir,4
expropiar,7
expulsar,4
expurgar,7
extender,5
extenderse,5
extenuar,7
exteriorizar,6
exteriorizarse,6
exterminar,6
extinguir,5
extinguirse,5
extirpar,6
extorsionar,7
extraditar,7
extraer,5
extraerse,6
extralimitarse,7
extrañar,4
extrapolar,7
extraviar,5
extremar,6
exudar,7
exultar,7
eyacular,7
fabricar,4
fabular,7
facilitar,5
facturar,6
facultar,7
faenar,6
fagocitar,7
fallar,4
fallecer,5
falsear,6
falsificar,5
faltar,3
familiarizar,5
fanfarronear,6
fantasear,5
fardar,7
farfullar,6
fascinar,5
fastidiar,4
fastidiarse,4
fatigar,5
favorecer,5
fechar,5
fecundar,6
felicitar,3
felicitarse,3
feminizar,7
fenecer,7
fermentar,6
fertilizar,6
festejar,4
fiar,5
fiarse,5
fibrilar,7
fichar,6
fidelizar,7
figurar,6
fijar,5
fijarse,4
filmar,6
filosofar,7
filtrar,6
filtrarse,6
finalizar,4
financiar,7
financiarse,7
fingir,5
firmar,4
firmarse,5
fiscalizar,7
fisgar,5
fisgonear,6
fisionar,7
flagelar,7
flagelarse,7
flamear,7
flanquear,7
flaquear,6
fletar,7
flexibilizar,6
flexibilizarse,6
flexionar,5
flexionarse,5
florear,6
florecer,4
flotar,4
fluctuar,7
fluir,5
focalizar,7
foguear,7
follar,6
fomentar,6
forcejear,6
forjar,6
formalizar,6
formalizarse,6
formar,4
formarse,5
formatear,7
formular,6
fornicar,7
forrajear,7
forrar,5
fortalecer,5
fortificar,6
forzar,5
fosforescer,6
fotocopiar,5
fotografiar,4
fotografiarse,4
fracasar,5
fraccionar,6
fracturar,5
fragmentar,6
fragmentarse,6
fraguar,7
franquear,7
frasear,6
frecuentar,6
fregar,3
freír,4
frenar,4
fresar,7
frivolizar,7
frotar,4
fructificar,7
fruncir,6
frustrar,6
fugarse,5
fulminar,6
fumar,4
fumarse,5
fumigar,5
funcionar,3
fundamentar,7
fundar,6
fundir,5
fundirse,5
fusilar,6
fusionar,6
fusionarse,6
fustigar,7
galantear,7
galardonar,7
galopar,5
galvanizar,7
ganar,3
ganarse,3
gandulear,5
garabatear,4
garantizar,6
garantizarse,7
garlar,7
garrapatear,6
gasear,6
gastar,4
gastarse,4
gatear,2
gemir,6
generalizar,6
generalizarse,6
generar,5
generarse,6
germinar,6
gestar,7
gestarse,7
gesticular,5
gestionar,7
gimotear,6
girar,3
glasear,6
glorificar,6
glosar,7
gobernar,5
gobernarse,5
golear,4
golpear,3
gorgotear,7
gorjear,6
gorronear,6
gotear,4
gozar,5
grabar,4
gradar,7
graduar,6
graduarse,6
granar,6
granizar,5
granular,7
grapar,4
gratificar,6
gravar,6
gravitar,7
graznar,6
gritar,3
gruñir,3
guardar,3
guardarse,4
guarecer,6
guarnecer,7
guasearse,7
guiar,4
guillotinar,7
guiñar,4
guisar,4
gulusmear,6
gustar,3
haber,3
haberse,4
habilitar,6
habitar,5
habituar,5
hablar,2
hablarse,3
hacer,3
hacerse,3
hacinar,7
hallar,5
hallarse,6
hartar,4
hartarse,5
hechizar,4
heder,7
helar,4
helarse,4
hender,7
heredar,5
herir,4
hermanar,6
herniarse,7
herrar,6
hervir,4
hibernar,5
hibridar,7
hidratar,5
hidrolizar,7
higienizar,5
hilar,6
hilvanar,6
hincar,6
hinchar,4
hincharse,4
hipar,5
hipertrofiarse,7
hipnotizar,5
hipotecar,7
hispanizar,7
hojear,5
holgar,6
holgazanear,6
hollar,7
homenajear,6
homogeneizar,7
homologar,7
hondear,6
honrar,5
horadar,7
hormiguear,6
hornear,5
horrorizar,5
hospedar,6
hospitalizar,5
hostigar,7
hozar,7
huir,4
humanizar,6
humear,6
humedecer,5
humillar,5
humillarse,5
hundir,4
hundirse,4
hurgar,5
hurtar,7
husmear,5
idealizar,6
idear,5
identificar,4
identificarse,5
ideologizar,7
idiotizar,6
idolatrar,6
ignorar,4
igualar,4
iluminar,4
ilusionar,4
ilustrar,5
imaginar,3
imaginarse,3
imantar,7
imbuirse,6
imitar,4
imitarse,4
impacientar,5
impactar,5
impartir,6
impedir,5
impeler,7
imperar,7
impermeabilizar,6
implantar,6
implementar,7
implicar,5
implorar,6
imponer,5
imponerse,5
importar,5
importunar,6
imposibilitar,6
impregnar,6
impresionar,5
imprimir,5
imprimirse,6
improvisar,5
impugnar,7
impulsar,5
imputar,7
imputarse,7
inactivar,6
inaugurar,5
incapacitar,6
incautar,7
incendiar,4
incentivar,7
incidir,7
incinerar,6
incinerarse,6
incitar,7
inclinar,5
inclinarse,4
incluir,5
incluirse,5
incoar,7
incomodar,5
incomunicar,6
incordiar,5
incorporar,5
incorporarse,5
incrementar,6
incrementarse,6
increpar,7
incriminar,7
incrustar,6
incubar,6
inculcar,6
inculpar,6
incumplir,5
incurrir,7
incursionar,7
indagar,7
indemnizar,7
indemnizarse,7
independizar,6
independizarse,6
indicar,4
indicarse,5
indignar,6
individualizar,6
individualizarse,7
inducir,7
indultar,7
industrializar,6
infectar,5
infectarse,5
inferir,7
infestar,5
infiltrar,6
infiltrarse,6
inflamar,5
inflar,3
inflexionar,7
infligir,7
influenciar,5
influir,5
informar,5
informarse,5
informatizar,6
infravalorar,7
infringir,6
infundir,7
ingeniar,6
ingerir,5
ingresar,5
inhabilitar,6
inhalar,5
inhibir,7
inhumar,7
inicializar,6
iniciar,4
iniciarse,5
injertar,6
injuriar,7
inmigrar,6
inmiscuir,7
inmiscuirse,7
inmolar,7
inmolarse,7
inmortalizar,6
inmovilizar,5
inmunizar,6
inmutarse,6
innovar,6
inocular,7
inquietar,5
inquirir,7
inscribir,6
inscribirse,6
insertar,5
insertarse,6
insinuar,6
insistir,4
inspeccionar,6
inspirar,5
instalar,5
instalarse,5
instar,7
instaurar,6
instaurarse,7
instigar,7
institucionalizar,7
instituir,7
instruir,6
instrumentalizar,6
instrumentar,6
insuflar,7
insultar,4
integrar,6
integrarse,5
intensificar,6
intentar,3
interaccionar,6
intercalar,6
intercambiar,4
intercambiarse,4
interceder,6
interceptar,6
interesar,4
interesarse,4
interferir,6
interiorizar,7
internacionalizar,7
internar,5
internarse,5
interpelar,7
interpolar,7
interponer,6
interponerse,6
interpretar,5
interpretarse,6
interrogar,5
interrumpir,4
intervenir,5
intimar,6
intimidar,6
intoxicar,5
intoxicarse,5
intranquilizar,6
intrigar,6
introducir,4
introducirse,5
intubar,7
intuir,6
inundar,5
inutilizar,5
invadir,5
invalidar,6
inventar,3
inventarse,3
invernar,5
invertir,6
invertirse,6
investigar,5
investigarse,5
investir,6
invitar,4
invocar,6
involucrar,5
involucrarse,6
inyectar,5
inyectarse,6
ionizar,7
ir,3
ironizar,6
irradiar,7
irrigar,7
irritar,5
irritarse,5
irrumpir,7
irse,3
jadear,7
jalar,4
jalear,7
jalonar,6
jerarquizar,7
joder,4
joderse,5
jorobar,5
jubilar,6
jubilarse,6
jugar,2
jugarse,4
juguetear,4
juntar,3
juntarse,3
jurar,4
justar,6
justificar,5
justificarse,6
juzgar,6
kilometrar,5
laborear,6
labrar,6
lacar,7
lacerar,7
ladear,6
ladrar,2
lagrimear,5
lamentar,5
lamentarse,5
lamer,4
laminar,6
laminarse,7
languidecer,7
lanzar,3
lanzarse,3
lapidar,6
largar,5
largarse,4
lastimar,4
lastrar,7
latir,4
lavar,3
lavarse,3
laxar,7
lazar,6
leer,3
leerse,4
legalizar,6
legalizarse,6
legar,7
legislar,7
legitimar,7
lesionar,5
lesionarse,5
levantar,3
levantarse,3
levitar,6
liar,5
liarse,5
libar,7
liberalizar,6
liberar,4
liberarse,5
librar,5
librarse,4
licenciar,7
licenciarse,7
licuar,6
liderar,5
lidiar,7
ligar,5
ligarse,5
lijar,5
limar,5
limitar,5
limitarse,6
limpiar,3
limpiarse,3
linchar,6
lindar,7
liquidar,6
lisiar,6
litigar,7
llamar,3
llamarse,3
llamear,6
llegar,3
llegarse,4
llenar,3
llenarse,3
llevar,3
llevarse,3
llorar,2
lloriquear,3
llover,2
lloviznar,4
loar,7
localizar,4
lograr,4
lograrse,5
lubricar,7
luchar,4
lucir,5
lucirse,5
lustrar,6
macerar,7
machacar,5
madrugar,4
madurar,5
magnetizar,7
magnificar,6
magrear,7
magullar,6
malbaratar,7
maldecir,5
malentender,5
malgastar,5
maliciar,6
malinterpretar,6
malmeter,6
malograr,6
maltear,7
maltraer,6
maltratar,5
malvender,7
malversar,7
malvivir,6
mamar,4
manar,6
manchar,3
mancharse,3
mancillar,7
mandar,4
manejar,4
manejarse,5
mangar,6
maniatar,6
manifestar,6
manifestarse,6
maniobrar,6
manipular,5
manosear,5
manotear,5
mantener,4
mantenerse,4
manufacturar,7
maquillar,4
maquillarse,4
maquinar,6
maravillar,5
marcar,4
marcarse,5
marchar,4
marcharse,3
marchitar,4
marear,4
marearse,4
marginar,6
martillar,4
martillear,5
martirizar,6
masacrar,7
masajear,4
mascar,4
mascullar,7
masticar,2
masturbar,7
masturbarse,6
matar,3
matarse,4
matear,6
materializar,6
materializarse,6
matizar,7
matizarse,7
matricular,5
matricularse,6
matrimoniar,6
maullar,4
maximizar,6
mear,3
mecanizar,6
mecanografiar,6
mecer,4
mediar,6
mediatizar,7
medir,4
medirse,4
meditar,6
medrar,7
mejorar,4
mejorarse,4
melgar,7
memorar,6
memorizar,4
mencionar,5
mendigar,5
menear,4
menguar,6
menoscabar,7
menospreciar,6
mentalizar,6
mentalizarse,5
mentar,7
mentir,3
menudear,6
mercadear,7
mercantilizar,7
merecer,4
merendar,3
mermar,7
merodear,6
metabolizar,7
metaforizar,7
meter,3
meterse,3
mezclar,4
mezclarse,4
militarizar,7
mimar,3
minar,7
mineralizar,6
miniaturizar,6
minimizar,6
minusvalorar,7
mirar,2
mirarse,3
mistificar,7
mitificar,7
mitigar,7
modelar,6
modelizar,6
moderar,6
moderarse,6
modernizar,5
modernizarse,5
modificar,5
modificarse,6
modular,7
mofar,6
mojar,3
mojarse,2
molar,5
moldear,5
moler,4
molestar,3
molestarse,4
momificar,6
mondar,7
monopolizar,7
montar,3
montarse,3
moquear,4
moralizar,7
morar,7
morder,2
morderse,3
mordisquear,3
morir,4
morirse,4
mortificar,5
mosquear,5
mosquearse,4
mostrar,4
mostrarse,4
motejar,7
motivar,6
motivarse,5
motorizarse,6
mover,3
moverse,3
movilizar,6
movilizarse,6
mudar,4
mugir,5
mullir,6
multar,5
multicopiar,7
multiplicar,4
municipalizar,7
murmurar,5
musitar,7
mutar,6
mutilar,6
nacer,3
nacionalizar,6
nadar,3
narcotizar,7
narrar,4
naturalizar,6
naufragar,5
navegar,4
necesitar,4
negar,3
negarse,4
negociar,5
neutralizar,6
nevar,3
nivelar,6
nombrar,3
nombrarse,3
nominar,6
noquear,7
normalizar,6
normalizarse,6
notar,4
notarse,5
notificar,6
novelar,6
nublar,4
numerar,4
nutrir,5
obedecer,3
objetar,7
objetivar,7
obligar,4
obnubilar,7
obrar,5
obsequiar,6
observar,4
obsesionar,6
obstaculizar,5
obstruir,6
obtener,4
obtenerse,5
obturar,7
obviar,6
ocasionar,5
ocasionarse,6
ocultar,4
ocultarse,4
ocupar,4
ocuparse,4
ocurrir,4
odiar,4
ofender,5
ofertar,6
oficializar,7
oficiar,7
ofrecer,4
ofrecerse,4
oír,2
oler,3
olfatear,4
olismear,6
olisquear,4
olvidar,3
olvidarse,3
omitir,6
ondear,6
ondular,5
operar,5
operarse,5
opinar,4
oponer,6
oponerse,5
opositar,7
oprimir,6
optar,6
optimizar,7
orar,4
orbitar,6
ordenar,3
ordeñar,4
orear,7
organizar,5
organizarse,5
orientar,5
orientarse,5
originar,5
orinar,3
orquestar,6
osar,7
oscilar,7
oscurecer,4
oscurecerse,3
ostentar,7
otear,7
otorgar,6
ovular,6
oxidar,6
oxigenar,6
pacificar,5
pactar,5
padecer,6
pagar,4
pagarse,4
paladear,6
palear,5
paliar,7
palidecer,6
palmear,5
palmotear,6
palpar,5
palpitar,5
panificar,6
papafrasear,7
papear,5
paralizar,5
parar,3
pararse,2
parcelar,7
parchear,6
parear,6
parecer,4
parecerse,3
parir,5
parlamentar,7
parlotear,4
parodiar,6
parpadear,4
parrafear,7
participar,4
partir,3
partirse,4
pasar,3
pasarse,4
pasear,3
pasearse,3
pasmar,6
pastar,5
pasteurizar,7
pastorear,5
patalear,3
patear,4
patentar,7
patentizar,7
patinar,3
patrocinar,6
patrullar,5
pausar,4
pautar,6
pavimentar,6
pavonear,7
pecar,4
pechar,7
pedalear,3
pedir,3
pegar,3
pegarse,3
peinar,3
peinarse,3
pelar,3
pelear,3
pelearse,3
peligrar,4
pellizcar,3
pelotear,5
penalizar,5
penar,6
pender,7
pendonear,7
penetrar,6
pensar,3
pensarse,4
pensionar,7
percatar,7
percibir,5
percibirse,6
percutir,6
perder,3
perderse,3
perdonar,3
perdurar,6
perecer,6
peregrinar,6
perennizar,7
perfeccionar,5
perfeccionarse,5
perfilar,6
perforar,5
perfumar,4
perfundir,7
pergeñar,7
perjudicar,5
perjurar,6
permanecer,5
permeabilizar,6
permitir,4
permitirse,5
permutar,7
pernoctar,7
perorar,7
perpetrar,7
perpetuar,6
perpetuarse,7
perseguir,4
perseverar,7
persistir,6
personalizar,6
personarse,6
personificar,7
persuadir,7
pertenecer,4
pertrechar,7
perturbar,6
pervertir,6
pervivir,7
pesar,4
pesarse,4
pescar,3
pesquisar,7
pestañear,4
petar,7
petrificar,6
piafar,6
piar,4
picar,4
picotear,4
pillar,3
pillarse,5
pilotar,4
pincelar,6
pinchar,3
pincharse,3
pintar,2
pintarse,3
piratear,6
piropear,5
pisar,3
pisarse,3
pisotear,4
pitar,3
pivotar,7
placar,6
placer,5
plagar,6
plagiar,7
planchar,4
planear,5
planificar,5
plantar,3
plantarse,5
plantear,6
plantearse,5
plasmar,6
platear,7
platicar,7
plegar,6
pleitear,7
plisar,7
plumear,6
poblar,5
podar,5
poder,3
poderse,4
poetizar,6
polarizar,7
polemizar,7
policromar,7
politizar,7
ponderar,7
poner,3
ponerse,3
pontificar,7
popularizar,6
pordiosear,6
porfiar,6
pormenorizar,7
porrear,6
portar,6
portarse,3
posar,4
poseer,4
posesionar,6
posibilitar,6
posicionar,6
positivar,6
positivarse,7
posponer,6
postergar,7
postrar,7
postular,7
postularse,7
potenciar,6
potenciarse,7
practicar,4
precaver,7
preceder,7
preciar,6
precintar,6
precipitar,5
precipitarse,6
precisar,6
preconcebir,7
preconizar,7
predecir,6
predestinar,6
predeterminar,7
predicar,5
predisponer,7
predominar,6
preexistir,7
preferir,3
prefigurar,7
prefijar,6
pregonar,6
preguntar,3
preguntarse,4
prejuzgar,7
premeditar,6
premiar,3
prencintar,6
prender,5
prensar,6
preñar,5
preocupar,4
preocuparse,4
preparar,4
prepararse,3
presagiar,7
prescindir,6
prescribir,7
presenciar,6
presentar,4
presentarse,4
presentir,6
preservar,6
preservarse,6
presidir,6
presionar,5
prestar,3
prestarse,4
prestigiar,7
presumir,4
presuponer,6
presupuestar,7
pretender,5
pretextar,7
prevalecer,7
prevaler,7
prevaricar,7
prevenir,5
prevenirse,6
prever,6
primar,7
principiar,7
pringar,5
pringarse,4
priorizar,6
privar,6
privatizar,7
privilegiar,6
probar,3
probarse,4
proceder,5
procesar,6
proclamar,6
proclamarse,6
procrear,6
procurar,5
procurarse,6
prodigar,7
prodigarse,7
producir,5
producirse,5
profanar,7
proferir,7
profesar,7
profesionalizar,7
profesionalizarse,6
profetizar,7
profundizar,6
programar,5
progresar,5
prohibir,3
proliferar,7
prolongar,5
prolongarse,6
promediar,7
prometer,3
prometerse,5
promocionar,6
promocionarse,7
promover,6
promulgar,6
promulgarse,7
pronosticar,6
pronunciar,4
pronuniarse,6
propagar,6
propasar,6
propiciar,7
propinar,6
proponer,5
proporcionar,5
propugnar,7
propulsar,6
prorrogar,6
prorrumpir,7
proscribir,7
proseguir,6
prospectar,7
prosperar,6
prostituir,6
protagonizar,4
proteger,4
protegerse,4
protestar,4
proveer,6
provenir,6
provocar,4
provocarse,5
proyectar,5
proyectarse,6
psicoanalizar,7
publicar,5
publicarse,5
pudrir,4
puentear,7
pugnar,7
pujar,7
pulir,5
pulirse,6
pulsar,3
pulular,6
pulverizar,5
puncionar,7
puntear,5
puntualizar,6
puntuar,5
punzar,4
purgar,7
purificar,6
putear,6
quebrantar,7
quebrar,6
quedar,4
quedarse,3
quejar,3
quejarse,3
quemar,3
quemarse,3
querellarse,7
querer,3
quererse,3
quitar,3
quitarse,3
rabiar,4
racionalizar,7
racionar,6
radiar,7
radicar,7
radiodifundir,7
radiografiar,5
raer,7
rajar,5
ralentizar,6
rallar,4
rampar,6
rapar,4
rapiñar,6
raptar,5
rascar,3
rasear,7
rasgar,5
rasgarse,5
rasguñar,4
raspar,4
rastrear,5
rastrillar,5
rasurar,7
ratificar,7
rayar,3
razonar,5
reabrir,5
reabrirse,6
reabsorber,6
reaccionar,5
reactivar,6
reactualizar,6
reactualizarse,7
readaptar,7
readaptarse,7
readmitir,6
reafirmar,6
reafirmarse,7
reagrupar,6
reajustar,6
realizar,4
realizarse,6
realojarse,6
realzar,6
reanimar,5
reanudar,6
reanudarse,6
reaparecer,5
rearmar,6
reasumir,7
reavivar,6
rebajar,5
rebanar,6
rebañar,5
rebasar,6
rebatir,7
rebelar,5
rebelarse,5
reblandecer,6
rebobinar,4
rebosar,5
rebotar,4
rebullir,7
rebuscar,5
rebuznar,4
recabar,7
recaer,6
recalar,7
recalcar,5
recalcular,6
recalentar,5
recalificar,7
recambiar,5
recapacitar,5
recapitular,6
recargar,5
recaudar,5
recelar,7
recepcionar,6
recetar,5
rechazar,4
rechinar,5
rechistar,4
recibir,4
reciclar,5
reciclarse,5
reciprocar,7
recitar,5
reclamar,5
reclinar,7
recluir,6
recluirse,6
reclutar,6
recobrar,6
recoger,3
recogerse,4
recolectar,5
recolocar,5
recomendar,5
recomenzar,5
recompensar,5
recomponer,6
reconcentrar,7
reconciliar,5
reconciliarse,5
reconducir,6
reconfortar,6
reconocer,4
reconocerse,4
reconquistar,5
reconsiderar,7
reconstituir,6
reconstruir,5
recontar,5
reconvenir,7
reconvertir,6
recopilar,6
recordar,3
recorrer,4
recorrerse,5
recortar,3
recostar,5
recrear,7
recriar,7
recriminar,6
recrudecer,7
rectificar,5
recuadrar,6
recubrir,5
recular,6
recuperar,5
recuperarse,4
recurar,6
recurrir,6
recurrirse,7
recusar,7
redactar,5
redefinir,6
redescubrir,6
redimensionar,7
redimir,7
redistribuir,6
redoblar,5
redondear,4
reducir,5
reducirse,5
redundar,7
reduplicar,7
reedificar,6
reeditar,7
reeducar,6
reelaborar,6
reelegir,6
reembolsar,7
reemplazar,5
reemprender,7
reencarnar,5
reencontrar,5
reencontrarse,5
reenfrentarse,7
reenviar,6
reequilibrar,6
reescribir,5
reestrenar,6
reestructurar,6
reexaminar,6
refaccionar,6
referir,5
referirse,5
refinar,7
reflejar,5
reflejarse,4
reflexionar,5
reflotar,6
refluir,7
reformar,5
reformarse,6
reformular,7
reforzar,5
reforzarse,6
refractar,7
refrenar,7
refrendar,7
refrescar,4
refrigerar,5
refrigerarse,6
refrotar,6
refugiar,5
refugiarse,5
refulgir,7
refundar,7
refundir,7
refunfuñar,4
refutar,7
regalar,3
regalarse,4
regañar,3
regar,3
regarse,5
regatear,6
regenerar,6
regenerarse,6
regentar,7
regir,7
registrar,5
reglamentar,6
reglar,6
regocijar,7
regresar,4
regular,5
regularizar,6
rehabilitar,6
rehabilitarse,6
rehacer,5
rehilar,7
rehogar,7
rehuir,6
rehusar,6
reimportar,7
reimprimir,6
reinar,4
reincidir,7
reincorporar,6
reincorporarse,6
reingresar,6
reiniciar,5
reinsertar,7
reinsertarse,7
reinstalar,6
reinstaurar,7
reintegrar,6
reintegrarse,6
reintroducir,6
reinventar,5
reinvestigar,7
reír,2
reírse,3
reiterar,6
reivindicar,6
rejonear,7
rejuvenecer,6
relacionar,4
relacionarse,4
relajar,4
relajarse,4
relamer,4
relampaguear,6
relanzar,6
relanzarse,6
relatar,5
relativizar,7
releer,5
relegar,7
relevar,5
relinchar,5
rellenar,4
relucir,5
relumbrar,6
remachar,7
remansar,7
remansarse,7
remar,4
remarcar,5
rematar,6
remedar,5
remediar,5
remembrar,7
rememorar,7
remendar,5
remeter,7
remirar,6
remitir,6
remitirse,7
remojar,4
remolcar,6
remolinear,7
remontar,5
remontarse,6
remover,4
remozar,6
remunerar,7
renacer,5
rendir,5
rendirse,4
renegar,6
renombrar,6
renovar,5
renovarse,5
renquear,7
rentabilizar,7
rentar,7
renunciar,5
reñir,4
reordenar,5
reorganizar,6
reparar,4
repartir,4
repartirse,4
repasar,4
repatriar,7
repeinar,5
repeler,6
repensar,6
repensarse,7
repercutir,6
repescar,6
repetir,3
repetirse,4
repicar,6
repintar,5
replantear,6
replegar,6
replicar,5
repoblar,6
reponer,5
reponerse,6
reportar,7
reposar,4
repostar,6
reprender,5
represaliar,7
representar,4
reprimir,6
reprivatizar,7
reprobar,6
reprochar,6
reproducir,5
reproducirse,5
reptar,5
repudiar,7
repugnar,6
repujar,7
requerir,6
requisar,6
resaltar,5
resarcir,7
resarcirse,7
resbalar,3
rescatar,4
rescatarse,5
rescindir,7
resentir,6
reseñar,7
reservar,4
reservarse,6
resfriar,4
resguardar,5
resguardarse,5
residir,6
resignar,6
resignarse,6
resistir,5
resistirse,5
resituar,6
resollar,6
resolver,4
resolverse,5
resonar,6
resoplar,4
respaldar,5
respaldarse,6
respetar,3
respetarse,4
respirar,3
resplandecer,6
responder,3
responsabilizar,5
responsabilizarse,5
resquebrajar,7
resquebrajarse,6
restablecer,6
restallar,7
restañar,6
restar,3
restaurar,6
restituir,7
restrablecer,6
restregar,5
restringir,6
resucitar,5
resultar,5
resumir,5
resurgir,6
retar,5
retardar,6
retarse,5
retejar,7
retener,5
retenerse,6
retirar,5
retirarse,5
retocar,5
retomar,6
retorcer,5
retornar,6
retozar,6
retranquear,7
retransmitir,6
retrasar,4
retrasarse,5
retratar,5
retratarse,6
retribuir,7
retroceder,4
retrucar,7
retumbar,5
reunir,4
reunirse,5
revacunar,5
revalidar,7
revalorizar,7
revelar,5
revelarse,5
revender,6
reventar,5
reverberar,7
reverdecer,6
reverenciar,6
revertir,7
revestir,6
revisar,4
revisarse,5
revitalizar,7
revivir,5
revocar,7
revolcar,4
revolotear,4
revolucionar,6
revolver,4
revolverse,4
rezar,4
rezumar,7
ribetear,7
ridiculizar,5
rifar,5
rimar,4
rivalizar,6
robar,3
robarse,4
robustecer,7
rociar,5
rodar,3
rodear,3
roer,5
rogar,5
rojear,7
rolar,7
romper,3
romperse,3
roncar,4
rondar,5
ronronear,5
rotar,5
rotular,5
roturar,6
rozar,4
rubricar,7
rugir,4
rumbear,6
rumiar,5
rumorear,5
saber,3
saberse,4
saborear,4
sabotear,6
sacar,3
sacarse,3
saciar,5
sacralizar,7
sacrificar,5
sacrificarse,5
sacudir,4
sacudirse,4
salar,6
saldar,6
salir,3
salirse,4
salivar,5
salmodiar,7
salpicar,4
salpimentar,7
saltar,3
saltarse,4
saludar,3
salvaguardar,6
salvar,3
salvarse,4
sanar,4
sancionar,5
sancochar,6
sanear,6
sangrar,3
santificar,5
santiguar,5
saquear,6
satanizar,7
satisfacer,5
satisfacerse,6
saturar,6
sazonar,7
secar,3
secarse,3
seccionar,6
secretar,7
secuenciar,6
secuestrar,4
secundar,7
sedar,6
sedimentar,7
seducir,6
segar,6
segmentar,6
segregar,7
seguir,3
seguirse,4
seleccionar,4
sellar,5
sembrar,4
semejar,6
sensibilizar,5
sentar,3
sentarse,2
sentenciar,6
sentir,3
sentirse,4
señalar,3
señalarse,3
señalizar,4
señorear,7
separar,3
separarse,3
sepultar,6
ser,3
serenar,5
sermonear,5
serpentear,6
serrar,5
serruchar,6
servir,3
servirse,4
sesear,6
sesgar,7
sestear,7
significar,4
silabear,6
silbar,3
silenciar,4
simbolizar,6
simpatizar,5
simplificar,6
simplificarse,6
simular,6
simultanear,7
sincerar,5
sincronizar,6
sindicar,7
sintentizar,7
sintonizar,6
sisar,7
sisear,7
sistematizar,7
sitiar,7
situar,4
situarse,5
sobar,5
sobornar,6
sobrar,4
sobrecargar,5
sobrecoger,6
sobreentender,6
sobreexplotar,7
sobrellevar,6
sobrepasar,6
sobreponer,6
sobresalir,5
sobresaltar,5
sobreseer,7
sobrevalorar,6
sobrevenir,7
sobrevivir,5
sobrevolar,5
socarrar,6
socavar,7
socializar,6
socorrer,5
sodomizar,7
sofocar,6
sofreir,6
sojuzgar,7
solapar,7
soldar,6
solemnizar,7
soler,5
solicitar,6
solidificar,6
soliviantar,7
sollozar,6
soltar,3
soltarse,3
solucionar,4
solventar,7
sombrear,5
someter,6
someterse,6
sonar,3
sondar,7
sondear,7
sonreír,2
sonrojar,5
sonsacar,6
soñar,3
sopesar,7
soplar,3
soportar,4
sorber,4
sorprender,4
sorprenderse,3
sortear,5
sosegar,7
soslayar,7
sospechar,5
sospecharse,5
sostener,4
sostenerse,4
suavizar,5
subastar,6
subcionar,6
subdividir,6
subestimar,7
subir,2
subirse,3
sublevar,7
sublimar,7
subordinar,7
subrayar,4
subrogarse,7
subsanar,7
subscribir,6
subsidiar,7
subsistir,6
substanciarse,7
substituir,5
subtitular,6
subvencionar,7
subyugar,7
suceder,5
sucederse,5
sucumbir,7
sudar,4
sufragar,7
sufrir,4
sugerir,5
sugestionar,7
suicidar,5
suicidarse,5
sujetar,4
sujetarse,3
sumar,3
sumarse,4
sumergir,4
sumergirse,4
suministrar,6
sumir,7
supeditar,7
superar,4
superarse,5
superponer,7
supervisar,6
suplantar,6
suplicar,5
suplir,6
suponer,5
suponerse,6
suprimir,6
suprimirse,6
surcar,5
surgir,5
surtir,6
suscitar,7
suscitarse,7
suscribir,6
suspender,4
suspenderse,4
suspirar,4
sustanciar,7
sustentar,7
sustentarse,7
sustituir,4
sustraer,6
sustraerse,6
susurrar,4
suturar,7
suturarse,7
tabicar,6
tablear,7
tabletear,7
tabular,7
tachar,4
tachonar,6
taconear,4
taladrar,5
talar,4
tallar,6
tambalear,5
tambalearse,5
tambolirear,6
tamizar,7
tantear,6
tañer,7
tapar,3
taparse,3
tapiar,6
tapizar,6
taponar,4
taquigrafiar,7
tararear,4
tardar,4
tartamudear,5
tasar,7
tatarear,4
tatuar,5
teatralizar,5
teclear,5
tejar,6
tejer,5
telefonear,4
telegrafiar,6
televisar,5
temblar,4
temer,4
templar,6
tender,4
tener,3
tenerse,4
tensar,5
tensionar,6
tentar,6
teñir,5
teorizar,7
terciar,7
tergiversar,7
terminar,3
terminarse,3
testificar,6
testimoniar,7
tildar,6
timar,5
timbrar,6
tintinear,7
tipificar,7
tiranizar,7
tirar,3
tirarse,3
tiritar,4
tirotear,5
titilar,7
titubear,7
titular,6
titularse,6
tocar,3
tolerar,6
tolerarse,6
tomar,3
tomarse,4
tonificar,7
tontear,5
topar,6
toparse,6
torcer,4
torear,5
tornar,7
torpedear,7
torrar,7
torturar,5
toser,3
tostar,4
tostarse,5
trabajar,3
trabar,5
trabucar,7
traducir,4
traducirse,5
traer,3
traerse,4
traficar,6
tragar,3
tragarse,3
traicionar,5
trajear,6
trajinar,6
tramar,5
tramitar,6
trampear,6
tranquilizar,4
tranquilizarse,4
transcurrir,5
transferir,7
transfigurar,7
transformar,4
transformarse,4
transgredir,7
transigir,7
transitar,6
transmitir,5
transmitirse,5
transmutar,7
transpirar,6
transplantar,5
transponer,7
transportar,4
trapichear,6
traquetear,6
trascender,7
trascribir,7
trashumar,7
trasladar,4
trasladarse,4
traslucir,7
trasnochar,7
traspapelar,6
traspapelarse,7
trasparentar,5
trasparentarse,5
traspasar,5
traspasarse,5
trasplantar,5
trasquilar,5
trastabillar,7
trastear,5
trastocar,6
trastornar,6
trasvasar,6
tratar,4
tratarse,5
travestir,7
travestirse,7
trazar,5
trenzar,5
trepanar,7
trepar,4
tributar,7
tricotar,7
trillar,4
trinar,6
trincar,5
trinchar,6
triplicar,5
tripular,5
triscar,7
triturar,5
triunfar,5
trivializar,7
trocar,7
trocear,4
tronar,5
tronchar,6
troncharse,5
tropezar,3
troquelar,7
trotar,4
trovar,7
trucar,5
truncar,6
tumbar,4
tundir,7
turbar,7
turnar,4
tutear,6
tutelar,7
ubicar,5
ubicarse,5
ulcerar,7
ultimar,6
ultrajar,7
ulular,7
uncir,7
ungir,7
unificar,7
uniformar,5
unilateralizar,7
unir,3
unirse,4
universalizar,7
untar,4
urbanizar,6
urdir,7
urgir,6
usar,3
usarse,3
usurpar,6
utilizar,4
utilizarse,4
vacar,7
vaciar,3
vaciarse,4
vacilar,5
vacunar,3
vadear,7
vagabundear,5
vagar,6
valer,4
validar,6
valladar,7
vallar,5
valorar,5
valorarse,5
valsar,7
vanagloriar,7
vaporizar,6
vapulear,7
varar,7
variar,5
vaticinar,7
vedar,7
vegetar,7
vejar,7
velar,6
vencer,4
vendar,4
vender,3
venderse,5
vendimiar,5
venerar,7
vengar,4
vengarse,5
venir,3
venirse,4
ventilar,5
ver,3
veranear,4
verbalizar,6
verificar,6
versar,7
verse,3
vertebrar,6
verter,5
vestir,3
vestirse,2
vetar,7
viajar,3
vibrar,5
viciar,6
vigilar,4
vigilarse,4
vigorizar,7
vilipendiar,7
vincular,6
vincularse,6
violar,6
violentar,6
virar,5
visionar,7
visitar,3
vislumbrar,7
visualizar,5
vitorear,6
vitrificar,7
vivenciar,7
vivificar,7
vivir,3
vivirse,4
vocalizar,4
vocear,6
vociferar,6
volar,3
volcar,4
volcarse,6
volear,6
voltear,5
volver,3
volverse,4
vomitar,3
votar,5
votarse,5
vulnerar,7
yacer,7
yantar,7
yodar,7
yuxtaponer,7
zafar,6
zafarse,6
zaherir,7
zambullir,4
zambullirse,5
zampar,4
zanjar,6
zapatear,4
zapear,7
zarandear,5
zarpar,6
zigzaguear,6
zozobrar,7
zumbar,5
zurcir,6
zurrar,5
